{
    "name": "root",
    "gauges": {
        "VolleyballAgent.Policy.Entropy.mean": {
            "value": 4.241204261779785,
            "min": 4.04019832611084,
            "max": 4.299306392669678,
            "count": 105
        },
        "VolleyballAgent.Environment.EpisodeLength.mean": {
            "value": 12.27659574468085,
            "min": 9.434873949579831,
            "max": 13.414985590778098,
            "count": 105
        },
        "VolleyballAgent.Self-play.ELO.mean": {
            "value": 1192.2043058602892,
            "min": 1143.5651689173355,
            "max": 1270.774349125867,
            "count": 105
        },
        "VolleyballAgent.Policy.ExtrinsicValueEstimate.mean": {
            "value": -0.20613215863704681,
            "min": -12.472733497619629,
            "max": 4.610529899597168,
            "count": 105
        },
        "VolleyballAgent.Environment.CumulativeReward.mean": {
            "value": -0.06653121686441467,
            "min": -0.2068493678785532,
            "max": 0.1895756737083981,
            "count": 105
        },
        "VolleyballAgent.Policy.ExtrinsicReward.mean": {
            "value": -0.06653121686441467,
            "min": -0.2068493678785532,
            "max": 0.1895756737083981,
            "count": 105
        },
        "VolleyballAgent.IsTraining.mean": {
            "value": 1.0,
            "min": 1.0,
            "max": 1.0,
            "count": 105
        },
        "VolleyballAgent.Losses.PolicyLoss.mean": {
            "value": 0.012758149687821666,
            "min": 0.011902617981346945,
            "max": 0.026716273743659258,
            "count": 51
        },
        "VolleyballAgent.Losses.ValueLoss.mean": {
            "value": 18.11433343887329,
            "min": 7.882761160532634,
            "max": 2237.1738098144533,
            "count": 51
        },
        "VolleyballAgent.Policy.LearningRate.mean": {
            "value": 0.0003,
            "min": 0.0003,
            "max": 0.0003,
            "count": 51
        },
        "VolleyballAgent.Policy.Epsilon.mean": {
            "value": 0.20000000000000007,
            "min": 0.20000000000000007,
            "max": 0.20000000000000007,
            "count": 51
        },
        "VolleyballAgent.Policy.Beta.mean": {
            "value": 0.005000000000000001,
            "min": 0.005000000000000001,
            "max": 0.005000000000000001,
            "count": 51
        }
    },
    "metadata": {
        "timer_format_version": "0.1.0",
        "start_time_seconds": "1613029229",
        "python_version": "3.7.7 (tags/v3.7.7:d7c567b08f, Mar 10 2020, 10:41:24) [MSC v.1900 64 bit (AMD64)]",
        "command_line_arguments": "C:\\Users\\choyai\\Documents\\Python\\venvs\\volleyball\\Scripts\\mlagents-learn config.yaml --env=volleyball --run-id=volley1 --force",
        "mlagents_version": "0.23.0",
        "mlagents_envs_version": "0.23.0",
        "communication_protocol_version": "1.3.0",
        "pytorch_version": "1.7.0+cu110",
        "numpy_version": "1.18.5",
        "end_time_seconds": "1613030722"
    },
    "total": 1492.812905,
    "count": 1,
    "self": 4.16203459999997,
    "children": {
        "run_training.setup": {
            "total": 0.060039399999999965,
            "count": 1,
            "self": 0.060039399999999965
        },
        "TrainerController.start_learning": {
            "total": 1488.590831,
            "count": 1,
            "self": 1.623612400007687,
            "children": {
                "TrainerController._reset_env": {
                    "total": 8.269841800000037,
                    "count": 6,
                    "self": 8.269841800000037
                },
                "TrainerController.advance": {
                    "total": 1478.5416545999924,
                    "count": 64556,
                    "self": 0.8025835999799256,
                    "children": {
                        "env_step": {
                            "total": 1477.7390710000125,
                            "count": 64556,
                            "self": 775.1795562000412,
                            "children": {
                                "SubprocessEnvManager._take_step": {
                                    "total": 701.7204624999825,
                                    "count": 64556,
                                    "self": 6.098732199997244,
                                    "children": {
                                        "TorchPolicy.evaluate": {
                                            "total": 695.6217302999853,
                                            "count": 66382,
                                            "self": 195.94081669997377,
                                            "children": {
                                                "TorchPolicy.sample_actions": {
                                                    "total": 499.68091360001154,
                                                    "count": 66382,
                                                    "self": 499.68091360001154
                                                }
                                            }
                                        }
                                    }
                                },
                                "workers": {
                                    "total": 0.8390522999887136,
                                    "count": 64555,
                                    "self": 0.0,
                                    "children": {
                                        "worker_root": {
                                            "total": 1480.7020409999943,
                                            "count": 64555,
                                            "is_parallel": true,
                                            "self": 931.4311201000099,
                                            "children": {
                                                "steps_from_proto": {
                                                    "total": 0.010693599999908265,
                                                    "count": 12,
                                                    "is_parallel": true,
                                                    "self": 0.0030708999996500452,
                                                    "children": {
                                                        "_process_vector_observation": {
                                                            "total": 0.00762270000025822,
                                                            "count": 24,
                                                            "is_parallel": true,
                                                            "self": 0.00762270000025822
                                                        }
                                                    }
                                                },
                                                "UnityEnvironment.step": {
                                                    "total": 549.2602272999845,
                                                    "count": 64555,
                                                    "is_parallel": true,
                                                    "self": 16.70987990001356,
                                                    "children": {
                                                        "UnityEnvironment._generate_step_input": {
                                                            "total": 34.01885939997121,
                                                            "count": 64555,
                                                            "is_parallel": true,
                                                            "self": 34.01885939997121
                                                        },